Address,Name,Size,Length,SCR,Description,Category,Docs
004FF900,Filename for Lastreplay,12,1,,"Contains the string ""LastReplay"".  How to trans...",Game,Event
004FF90C,Replay Speed Limiters,4,7,,The speed in milliseconds to spend each frame during a repl...,Game,Time
004FF928,Replay Command Table,16,2,,"Contains the replay commands ""show"" and ""hid...",Game,Event
004FF948,Replay show command modifiers,32,12,,Contains sub-commands and leaderboard values to use in the ...,Game,Event
004FFAD0,Menu Info Array,12,27,,"Contains the menu index, background index, and menu path.",Client,UI
004FFC20,Campaign List Info,8,85,,Contains the campaign listing info.  WORD gluHist.tbl inde...,Game,Map
004FFF60,Establishing shot pointers,8,65,,64 entries defining campaign mission prologue/establishing ...,Game,Map
0050C000,cInit Constructor Function Table,4,310,,Standard C-Runtime. Generated by Visual C++.,Engine,Memory
005122A0,Campaign list pointers,4,6,,Pointer to memory location of details of first mission in S...,Game,Map
005122B8,Current Cinematic ID,4,1,,An index for the currently playing cinematic.,Game,State
005124D8,Game Speed Refresh Rate,4,7,Simple Data,Contains the value in milliseconds required for each frame....,Game,Time
005124F4,Replay Speed Refresh Rate,4,7,,Contains the time in milliseconds spent each frame. Array i...,Game,Time
00512510,Image Update Functions,8,18,,An array of image functions. The array is officially called...,Client,Render
005125A0,Image Drawing Functions,12,18,,This corresponds to a value in images.dat. The official nam...,Client,Render
00512678,Active Nation ID,4,1,Backed By Code,This is the same as Human ID unless you are playing Team Me...,Player,Metadata
0051267C,Active Human ID,4,1,Backed By Code,This is your player ID. The official name for this is g_Act...,Player,Metadata
00512680,Active Storm ID,4,1,Unsupported,"This is your active storm ID, which is different from your ...",Player,Metadata
00512684,Local Nation ID,4,1,Backed By Code,The official name for this is g_LocalNationID.  P1: 00 P...,Player,Metadata
00512688,Local Human ID,4,1,,The official name for this is g_LocalHumanID.,Player,Metadata
0051268C,Local Storm ID,4,1,Unsupported,The official name for this is g_LocalStormID.,Player,Metadata
00512690,Cinematic File Name Array,4,28,,Contains string pointers for the file names of all game cin...,Game,Map
00512700,Race Filename Modifiers,8,1,,"Contains 3 bytes ""ztp"" used when loading race-spe...",Game,Map
00512708,Cursor Filename Array,4,19,,Contains pointers to a string for each cursor image.,Client,UI
00512754,Cursor Scroll Type Modifiers,2,10,Unsupported,Contains the index for the cursor used for scrolling.,Client,UI
005127DC,Tileset Color Cycle Pointers,4,9,,Contains pointers to the tileset color cycle data. Array in...,Client,Render
00512800,Trigger Action Function Array,4,60,,Contains function pointers for all trigger actions.,Game,Event
00513B68,Mouse and Keyboard Scroll Speed,7,7,Supported,"Edited by PereC, 2021.04.12 For SC:R, In menu - Options -...",Client,Input
00513B68,Mouse Scroll Speed Array,7,7,Supported,Amount of Mouse Scroll Speed. Array index dependent on mous...,Client,Input
00514178,Unit Reqs data,1090,1,Simple Data,Packed list of opcodes/parameters for data requirements.  ...,Game,Rule
005145C0,Upgrade Reqs data,838,1,Simple Data,,Player,Upgrade
00514908,Research Req Data,318,1,Simple Data,%$& none  How to translate. % �?�� $ ?�국 @ �?..,Player,Upgrade
00514A48,Tech Use Req Data,688,1,Simple Data,,Player,Upgrade
00514CF8,Order Req Data,1316,1,Simple Data,,Order,Core
00515A98,Trigger Condition Function Array,4,24,,Contains function pointers for all trigger conditions.,Game,Event
00515B84,Damage type/factor multipliers vs unit size,20,5,Simple Data,"$ Weapon damage type, against each unit size (�??�닛 �?..",Combat,Damage
00515BE8,Button info,11264,1,Backed By Code,https://docs.google.com/spreadsheets/d/195jZK7Ap71eO1-qdVsk...,Client,UI
005187E8,s_button Offset,12,250,Backed By Code,+0x00 (EPD -116447) Number of available buttons. 0 = Butt...,Client,UI
005193A0,Unit Infomation,12,228,See Description,"Edited by PereC, 2021-06-05 In SC:R, 64-bit starcraft may ...",Engine,Struct
00519E50,Mission Briefing Action Function Array,4,10,,Contains function pointers for all mission briefing actions.,Game,Event
0051A280,Player 1 Trigger List,4,3,Backed By Code,,Game,Event
0051A28C,Player 2 Trigger List,4,3,Backed By Code,,Game,Event
0051A298,Player 3 Trigger List,4,3,Backed By Code,,Game,Event
0051A2A4,Player 4 Trigger List,4,3,Backed By Code,,Game,Event
0051A2B0,Player 5 Trigger List,4,3,Backed By Code,,Game,Event
0051A2BC,Player 6 Trigger List,4,3,Backed By Code,,Game,Event
0051A2C8,Player 7 Trigger List,4,3,Backed By Code,,Game,Event
0051A2D4,Player 8 Trigger List,4,3,Backed By Code,,Game,Event
0051CA14,Last Random Number,4,1,Simple Data,"Randomization seed for the next random number, mask with 0x...",Game,State
0051CE84,Network Mode Delay,4,1,Read Only,"1 in single player, 2 in LAN, 5 on battle.net.  Described...",Game,Event
0051CE88,Network Mode Delay 2,4,1,,Appears to be a duplicate of 0x0051CE84. Not sure which val...,Game,Event
0051CE8C,Inverse System Time,4,1,,Value : -GetTickCount()  (about 10ms error) Used for inpu...,Game,Time
0051CE98,Fog of War Update Counter,4,1,Simple Data,Set to 0 to update FoW.  Toggle between 0 and 1 in separa...,Player,Vision
0051CED0,GRP Array,4,999,Read Only,Pointer to each GRP for each images.dat entry,Client,Render
0051F2A8,Images Attack Overlay Array,4,999,Read Only,Pointer to LO? handles for all images.dat entries.,Client,Render
00520244,Images Damage Overlay Array,4,999,Read Only,Pointer to LO? handles for all images.dat entries.,Client,Render
005211E0,Images Special Overlay Array,4,999,Read Only,Pointer to LO? handles for all images.dat entries.,Client,Render
0052217C,Images Landing Dust Overlay Array,4,999,Read Only,Pointer to LO? handles for all images.dat entries.,Client,Render
00523118,Images Liftoff Dust Overlay Array,4,999,Read Only,Pointer to LO? handles for all images.dat entries.,Client,Render
005240D0,Images Damage Overlay Frame,1,999,Simple Data,,Client,Render
0052E5C8,Images Shield Overlay Array,4,999,,Pointer to shield LOS handles for all images.dat entries.,Client,Render
0052F568,Images Array,64,5000,Read Only,The array of images currently processed in the game.,Client,Render
0057EB68,First Image Pointer,4,1,Read Only,Pointer to the first CImage instance.,Client,Render
0057EB70,Last Image Pointer,4,1,Read Only,Pointer to the last CImage instance.,Client,Render
0057EE7C,Player Human IDs,4,8,Unsupported,The Human ID for each player.,Player,Metadata
0057EE9C,Player Name,25,1,Unsupported,If you are playing as 'asdf' then you will find o...,Player,Metadata
0057EEC0,Player Nation IDs,4,8,Unsupported,The Nation ID for each player.,Player,Metadata
0057EEE0,Active Player Structures,36,12,Backed By Code,"A structure for each player containing their HumanID, Storm...",Player,Metadata
0057F090,Network Provider Latency Calls,4,1,,A value used by the network provider(standard.snp) for dela��,Game,Event
0057F094,Last Whisper Player,25,1,,The name of the player that last whispered you (in-game onl...,Player,Metadata
0057F0B0,Vision Filter,4,1,,A shared vision filter used for changing the player's ...,Player,Vision
0057F0B4,Multiplayer Mode,4,1,Read Only,A boolean value that specifies if the game is Single or Mul...,Game,Rule
0057F0B8,Network Player Status Array,4,8,Unsupported,An array containing flags for each player's network st...,Game,Event
0057F0D8,Network Maximum Buffer Size,4,1,,A value indicating the maximum size for the command buffer ...,Game,Event
0057F0DC,Main Menu Dialog Handle,4,1,Unsupported,A handle to the main menu BIN dialog.,Client,UI
0057F0F0,Player Minerals,4,12,Simple Data,The current amount of minerals the player has.,Player,Resource
0057F120,Player Gas,4,12,Simple Data,The current amount of gas the player has.,Player,Resource
0057F150,Player Total Gas Harvested,4,12,Simple Data,The total gas the player has ever harvested,Player,Resource
0057F180,Player Total Minerals Harvested,4,12,Simple Data,The total minerals the player has ever harvested,Player,Resource
0057F1B0,Starting Player Local ID,4,1,Simple Data,,Player,Metadata
0057F1B4,Player Slot Types,1,12,Simple Data,,Player,Metadata
0057F1C0,Player Slot Races,1,12,Simple Data,,Player,Metadata
0057F1CC,Team Game Main Player,1,4,Simple Data,,Player,Metadata
0057F1D0,Screen Tile Position,2,2,Simple Data,,Client,Camera
0057F1D4,MapSize,2,2,Simple Data,2byte Width 2byte Height  width + 65536*height,Game,Map
0057F1D8,Messsage Send To Filter,2,2,Simple Data,,Client,Input
0057F1DA,Message Player Filter,2,2,Simple Data,Should be within the previous entry,Client,Input
0057F1DC,Tileset,2,1,Simple Data,The current tileset ID being used.  Changing to 1 will tu...,Game,Map
0057F1DE,Current Music,2,2,Simple Data,,Game,State
0057F1E0,BWGame Unk_f0,1,1,Simple Data,,Game,State
0057F1E1,Active Player Count,1,1,Simple Data,The number of active players in the game.,Player,Metadata
0057F1E2,Console Index,1,1,Simple Data,A value indicating which console GUI should be displayed. ...,Game,State
0057F1E3,Is Custom Single Player,1,1,Simple Data,,Game,Rule
0057F1E4,BWGame unk_f4,4,1,Simple Data,,Game,State
0057F1E8,BWGame unk_f8,4,1,Simple Data,,Game,State
0057F1EC,Shared Vision,4,12,Simple Data,The shared vision values for each player.  StarCraft does...,Player,Vision
0057F21C,Player Color Mapping,4,8,Simple Data,A mapping of the player's colors.,Player,Metadata
0057F23C,Elapsed Time,4,1,Simple Data,"The elapsed game time (in game ticks, ~42ms per tick on fas...",Game,Time
0057F240,Saved Elapsed Seconds,4,1,Simple Data,,Game,Time
0057F244,Campaign Index,2,1,Simple Data,A value indicating which campaign is being played.,Game,State
0057F246,Next Scenario name,32,1,Simple Data,"The name of the next scenario, set using the Set Next Scena...",Game,Map
0057F266,Single Player Race,1,1,Simple Data,,Player,Metadata
0057F267,Single Player Computer Races,1,8,Simple Data,,Player,Metadata
0057F26F,BWGame unk_17F,1,1,Simple Data,,Game,State
0057F270,Saved Screen Positions,4,3,Simple Data,Pos 1: -11325 X + 65536*Y  Pos 2: -11324 X + 65536*Y  ...,Client,Camera
0057F27C,Player Units available,228,12,Simple Data,"1 row of 228 bytes, 1 per unit, per player  The u8 value ...",Player,Resource
0057FD2C,BWGame unk_c3c,1,8,Simple Data,,Game,State
0057FD34,Last Event Position,4,2,Simple Data,A POINT structure containing the position of the last event...,Client,Camera
0057FD3C,Map File Name,260,1,Simple Data,The current map's file name.,Game,Map
0057FE40,Map Title,32,1,Simple Data,The current map's title.,Game,Map
0057FE60,Hotkeyed Unit,864,8,Simple Data,Purpose   To detect the hotkey and then the slot that a ...,Client,Selection
00581960,BWGame unk_2870,1,1024,Simple Data,,Game,State
00581D60,Default Message Filter,1,1,Simple Data,Controls who you chat with when pressing Enter. (To Allies:...,Client,Input
00581D61,Player Lose Type,1,1,Simple Data,,Player,State
00581D62,Player Left,1,8,Simple Data,,Player,State
00581D6A,Player Selection Circle Colors,1,12,Simple Data,Each byte sets the color of the selection circle: 000 - Gr...,Client,Selection
00581D76,Unit Color Table,8,12,Simple Data,Each byte corresponds to a palette index used for each play...,Client,Render
00581DD6,Minimap Color Table,1,12,Simple Data,Each byte references a palette index. This table is immedi...,Client,Render
00581DE2,BWGame unk_2cf2,1,2,Simple Data,,Game,State
00581DE4,Score Total Units Produced,4,12,Simple Data,"Appears to be flipped; units owned, and not produced.",Player,Resource
00581E14,Score Units Produced,4,12,Simple Data,"Appears to be flipped; units owned, and not produced.",Player,Resource
00581E44,Score Units Owned,4,12,Simple Data,"Appears to be flipped; to be units produced, and not owned.",Player,Resource
00581E74,Number of Units Lost,4,12,Simple Data,"Deaths for ""Any Unit"" stored here.",Player,Resource
00581EA4,Number of Units Killed,4,12,Simple Data,"Kills for ""Any Unit"" stored here.",Player,Resource
00581ED4,Score Unit Total,4,12,Simple Data,,Player,Resource
00581F04,Score Kill Total,4,12,Simple Data,,Player,Resource
00581F34,Score Structures Constructed Total,4,12,Simple Data,,Player,Resource
00581F64,Number of Buildings Constructed,4,12,Simple Data,,Player,Resource
00581F94,Number of Buildings Owned,4,12,Simple Data,,Player,Resource
00581FC4,Number of Buildings Lost,4,12,Simple Data,"Deaths for ""Buildings"" stored here.",Player,Resource
00581FF4,Number of Buildings Razed,4,12,Simple Data,"Kills for ""Buildings"" stored here.",Player,Resource
00582024,Buildings Score,4,12,Simple Data,"Score for ""Buildings"", or buildings produced.",Player,Resource
00582054,Razings Score,4,12,Simple Data,"Score for ""Razings"", or buildings killed.",Player,Resource
00582084,Number of Factories Constructed,4,12,Simple Data,,Player,Resource
005820B4,Number of Factories Owned,4,12,Simple Data,,Player,Resource
005820E4,Number of Factories Lost,4,12,Simple Data,"Deaths for ""Factories"" stored here.",Player,Resource
00582114,Number of Factories Razed,4,12,Simple Data,"Kills for ""Factories"" stored here.",Player,Resource
00582144,Zerg Control Available,4,12,Simple Data,"% 4 bytes per player  Despite being 4 bytes, the game wi...",Player,Resource
00582174,Zerg Control Used,4,12,Simple Data,"4 bytes per player  Despite being 4 bytes, the game will ...",Player,Resource
005821A4,Zerg Control Max,4,12,Simple Data,"4 bytes per player  Despite being 4 bytes, the game will ...",Player,Resource
005821D4,Terran Supply Available,4,12,Simple Data,"4 bytes per player  Despite being 4 bytes, the game will ...",Player,Resource
00582204,Terran Supply Used,4,12,Simple Data,"4 bytes per player  Despite being 4 bytes, the game will ...",Player,Resource
00582234,Terran Supply Max,4,12,Simple Data,"4 bytes per player  Despite being 4 bytes, the game will ...",Player,Resource
00582264,Protoss Psi Available,4,12,Simple Data,"4 bytes per player  Despite being 4 bytes, the game will ...",Player,Resource
00582294,Protoss Psi Used,4,12,Simple Data,"4 bytes per player  Despite being 4 bytes, the game will ...",Player,Resource
005822C4,Protoss Psi Max,4,12,Simple Data,"4 bytes per player  Despite being 4 bytes, the game will ...",Player,Resource
005822F4,Score Custom,4,12,Simple Data,,Player,Resource
00582324,All Unit Counts Table,48,228,Simple Data,"Counts per player, per unit   For each unit, 4 bytes per...",Player,Resource
00584DE4,Completed Unit Counts Table,48,228,Simple Data,"Counts per player, per unit  For each unit, 4 bytes per p...",Player,Resource
00585474,Larva Count,12,1,,(Why does this entry exist? Should be within the Completed ...,Player,Resource
005878A4,Killed Unit Counts Table,48,228,Simple Data,"Counts per player, per unit.  For each unit, 4 bytes per ...",Player,Resource
0058A364,Death Table Start,48,228,Simple Data,"Counts per player, per unit  First entry in the death tab...",Player,Resource
0058CE24,SC Technologies Available (0-23),24,12,Simple Data,% Table layout is reverse compared to deaths/kills table. ...,Player,Upgrade
0058CF44,SC Technologies Researched (0-23),24,12,Simple Data,[See SC Technologies Available] http://farty1billion.dyndn...,Player,Upgrade
0058D064,SC Tech Research In Progress,1,36,Simple Data,Who knows,Player,Upgrade
0058D088,SC Upgrades Available (0-45),46,12,Simple Data,Table layout is reverse compared to deaths/kills table.   ...,Player,Upgrade
0058D2B0,SC Upgrades Researched (0-45),46,12,Simple Data,Table layout is reverse compared to deaths/kills table.   ...,Player,Upgrade
0058D4D8,SC Upgrade in Progress Lvl 1 (Unused?),1,72,Simple Data,Who knows,Player,Upgrade
0058D520,SC Upgrade in Progress Lvl 2 (Unused?),1,72,Simple Data,Who knows,Player,Upgrade
0058D5B0,Player's Force,1,8,Simple Data,"8 bytes: 1 byte for each active player, specifying which o...",Player,Metadata
0058D5B8,Force Flags,1,4,Simple Data,4 bytes: 1 byte for each force specifying the flags; 	forc...,Player,Metadata
0058D5BC,Force Names,30,4,Simple Data,"4 byte integers: 1 integer for each force, string number o...",Player,Metadata
0058D634,Player Alliances,12,12,Simple Data,EPD 3252 + 0x00: P1 ally status to P1 + 0x01: P1 ally sta...,Player,State
0058D6C4,Mission Objectives Index,4,12,Simple Data,EPD 3288 (+0x00):  This is the Mission Objective String I...,Game,Rule
0058D6F4,Countdown Timer,4,1,Simple Data,Changing the value of this address with EUP or EUD is worth...,Player,State
0058D6F8,Elapsed Time,4,1,Simple Data,Game Seconds (1 Game Second = 16 Game Ticks = ~1072ms on no...,Game,Time
0058D6FC,SC Switch Table (Unused?),4,1,Simple Data,"32 switches, probably pre-1.04 when number of switches was ...",Game,Event
0058D700,Player Victory Status,1,8,Simple Data,,Player,State
0058D708,Leaderboard Has Computer Players,4,1,Simple Data,,Player,State
0058D70C,Leader Board Type,1,1,Simple Data,,Player,State
0058D70D,Leader Board Condition,1,1,Simple Data,,Player,State
0058D70E,Leader Board Subtype,2,1,Simple Data,,Player,State
0058D710,Leader Board Goal,4,1,Simple Data,,Player,State
0058D714,Leader Board String Index,4,1,Simple Data,,Player,State
0058D718,#'s of Game Pauses,1,8,Simple Data,The base value of this address is: (P1 + P2 + P3 + P4) * 3 ...,Player,State
0058D720,Start Locations,4,8,Simple Data,Point: u16 X u16 Y  EPD 3311 +0x00: P1 Start Location ...,Game,Map
0058D740,Vanilla Location Table,20,64,Simple Data,This Location Table is not used in the Expansion (Brood War...,Game,Map
0058DC40,Switch Table,32,1,Simple Data,+0x00 (EPD 3639) 	Switch 1: *1 	Switch 2: *2 	Switch 3: ...,Game,Map
0058DC60,Location Table,20,255,Simple Data,+0x00 (EPD 3647)  	This is the LEFT position of the locat...,Game,Map
0058F04C,Time Pause State,4,1,Simple Data,"If FALSE, the value of the address is 0, and the countdown ...",Game,Time
0058F050,BW Technologies Available (24-43),20,12,Simple Data,Table layout is reverse compared to deaths/kills table.  ...,Player,Upgrade
0058F140,BW Technologies Researched (24-43),20,12,Simple Data,Table layout is reverse compared to deaths/kills table.  ...,Player,Upgrade
0058F230,BW Tech Research In Progress,1,72,,[SCR: Simple data]  Who knows,Player,Upgrade
0058F278,BW Upgrades Available (46-60),15,12,Simple Data,Table layout is reverse compared to deaths/kills table.  ...,Player,Upgrade
0058F32C,BW Upgrades Researched (46-60),15,12,Simple Data,Table layout is reverse compared to deaths/kills table.  ...,Player,Upgrade
0058F3E0,BW Upgrade In Progress,1,96,Simple Data,Who knows,Player,Upgrade
0058F440,Is Expansion,1,1,Simple Data,1 if your game is using the Expansion set.,Game,Rule
0058F441,BWGame unk_10351,1,1,Simple Data,,Game,State
0058F442,Unknown Player Color Something,1,8,Simple Data,,Player,Metadata
0058F44A,"BWGame ""Literally Unused""",1,29604,Simple Data,,Game,State
005968A0,Input Procedures,4,19,,A list of functions that determine how user input is handle...,Client,Input
005968AC,Mouse Left Click,4,1,Unsupported,Detects the left click of a mouse.  Use only actions that...,Client,Input
00596904,Game Mode,2,1,Unsupported,"Determines the game's mode. In-Game, in-menu, battle.n...",Game,Rule
00596A18,Virtual Key Array,1,256,Backed By Code,An array containing the state of all the virtual key codes ...,Client,Input
00596CD8,CUWP properties,20,64,Unsupported,Same structure as UPRP section in scenario.chk       u16:...,Client,UI
005993C4,"Pointer to ""MTXM"" map tile data",4,1,Backed By Code,,Game,Map
005993D4,"Pointer to map ""STR "" section",4,1,Backed By Code,Pointer default: first string,Game,Map
0059BA5C,Game Subtype ID,4,1,,Subtype ID specified in GOT template.  Top Vs. Bottom: Nu...,Game,Rule
0059C080,Mapdata.dat - Mission dir,4,65,,Mapdata.tbl string index,Game,Map
0059CC78,Last Time for Drop Window,4,1,Simple Data,Last GetTickCount Win32 API Time for Drop Window shown.  ...,Client,UI
0059CC80,Drop Timer,4,1,Simple Data,The time remaining before a player is dropped.  See the a...,Client,UI
0059CCA8,Unitnode Table,336,1700,Backed By Code,[SCR: See individual entries]  See Unitnode Structure in ...,Engine,Struct
0059CCA8,CUnit - Previous Unit,4,1,Supported,,CUnit,Core
0059CCAC,CUnit - Next Unit,4,1,Supported,,CUnit,Core
0059CCB0,CUnit - HP,4,1,Supported,The amount of HP that a unit currently has.  Value displa...,CUnit,Core
0059CCB4,CUnit - Sprite,4,1,Supported,Pointer to CSprite. Contains the graphics of the unit.,CUnit,Interaction
0059CCB8,CUnit - Target Pos,2,2,Supported,X + 65536*Y,CUnit,Move
0059CCBC,CUnit - Target Unit,4,1,Supported,CUnit target pointer,CUnit,Combat
0059CCC0,CUnit - Next Movement Waypoint,2,2,Supported,0x0000FFFF x-coord 0xFFFF0000 y-coord  The next way poin...,CUnit,Move
0059CCC4,CUnit - Next Target Waypoint,4,1,Unsupported,0x0000FFFF x-coord 0xFFFF0000 y-coord  The desired posit...,CUnit,Move
0059CCC8,CUnit - Movement Flags,1,1,Supported,Flags that enable/disable certain movement. Need more testi...,CUnit,Move
0059CCC9,CUnit - Current Direction 1,1,1,Supported,256 directions starting from the top going clockwise. 0x00...,CUnit,Move
0059CCCA,CUnit - Flingy Turn Radius,1,1,Supported,"""The unit flips out when this is frozen on a specific ...",CUnit,Move
0059CCCB,CUnit - Velocity Direction 1,1,1,Supported,This usually only differs from the currentDirection field f...,CUnit,Move
0059CCCC,CUnit - Flingy ID,2,1,Supported,The Flingy ID of the unit.,CUnit,Move
0059CCCF,CUnit - Flingy Movement Type,1,1,Supported,The type of movement that the unit use (*16777216).,CUnit,Move
0059CCD0,CUnit - Position Coordinates,2,2,Supported,The coordinates of a unit on the map (X + 65536*Y).,CUnit,Move
0059CCD4,CUnit - Halt X Coordinate,4,1,Supported,The X coordinate of a unit on the map (*256).,CUnit,Move
0059CCD8,CUnit - Halt Y Coordinate,4,1,Supported,The Y coordinate of a unit on the map (*256).,CUnit,Move
0059CCDC,CUnit - Flingy Top Speed,4,1,Supported,,CUnit,Move
0059CCE0,CUnit - Move Acceleration,4,1,Supported,CUnit.current_speed1  Related to turning and from observa...,CUnit,Move
0059CCE4,CUnit - Move Speed,4,1,Supported,CUnit.current_speed2  The speed that the unit is currentl...,CUnit,Move
0059CCE8,CUnit - Move Speed On X-Axis,4,1,Supported,CUnit.current_speed.x  The speed that the unit is current...,CUnit,Move
0059CCEC,CUnit - Move Speed On Y-Axis,4,1,Supported,CUnit.current_speed.y  The speed that the unit is current...,CUnit,Move
0059CCF0,CUnit - Flingy Acceleration,2,1,Supported,,CUnit,Move
0059CCF2,CUnit - Current Direction 2,1,1,Supported,The direction a unit is currently facing (*65536) THIS SHI...,CUnit,Move
0059CCF3,CUnit - Velocity Direction 2,1,1,Supported,The direction a unit is currently facing (*16777216).   U...,CUnit,Move
0059CCF4,CUnit - Player ID,1,1,Supported,The owner of the cunit.  Mask: 0x000000FF *1  P1: 00 P...,CUnit,Core
0059CCF5,CUnit - Main Order ID,1,1,Supported,Specification of type of order given. See http://www.stared...,CUnit,State
0059CCF6,CUnit - Main Order State,1,1,Supported,Additional order (*65536) information. More extensive testi...,CUnit,State
0059CCF7,CUnit - Order Signal,1,1,Supported,Additional order (*16777216) information. Set by iscript. ...,CUnit,State
0059CCF8,CUnit - Order Unit Type,2,1,Supported,228 = none?,CUnit,State
0059CCF9,CUnit - Idle Order Timer,4,1,,(*256) While the unit is specifically following the order t...,CUnit,State
0059CCFC,CUnit - Main Order Timer,1,1,Supported,A timer for orders. An example would be the time left befor...,CUnit,State
0059CCFD,CUnit - Cooldown,1,3,Supported,The firing rate (or cooldown) for ground weapons (*256). 0...,CUnit,Combat
0059CD00,CUnit - Order Coordinates,2,2,Supported,The coordinates of an order given to a unit (X + 65536*Y) ...,CUnit,Move
0059CD04,CUnit - Order Target Unit,4,1,Supported,The unit targeted by another unit (Index Pointer).,CUnit,Combat
0059CD08,CUnit - Shield Points,4,1,Supported,The amount of shield points that a unit have (*256).,CUnit,Core
0059CD0C,CUnit - Unit Type,2,1,Supported,,CUnit,Core
0059CD10,CUnit - Previous Player Unit,4,1,Supported,Pointer to previous CUnit owned by the same player,CUnit,Core
0059CD14,CUnit - Next Player Unit,4,1,Supported,Pointer to the next CUnit owned by the same player.,CUnit,Core
0059CD18,CUnit - Sub Unit,4,1,Supported,Pointer to this unit's subunit CUnit.,CUnit,Interaction
0059CD1C,CUnit - Order Queue Head,4,1,,(Unsupported?) Pointer to COrder,CUnit,State
0059CD20,CUnit - Order Queue Tail,4,1,,(Unsupported?)  Pointer to COrder.,CUnit,State
0059CD24,CUnit - Auto-Target Unit,4,1,Supported,Pointer to CUnit.  The auto-acquired target (Note: This f...,CUnit,Combat
0059CD28,CUnit - Connected Unit,4,1,Supported,Pointer to CUnit.  Addon is connected to building (addon ...,CUnit,Interaction
0059CD2C,CUnit - Order Queue Count,1,1,Supported,The number of queued orders a unit currently has.,CUnit,State
0059CD2D,CUnit - Order Queue Timer,1,1,Supported,BWAPI doc: counts/cycles down from from 8 to 0 (inclusive)...,CUnit,State
0059CD2E,CUnit - Unknown 0x086,1,1,Supported,Pathing related?,CUnit,Move
0059CD2F,CUnit - Attack Notify Timer,1,1,Supported,,CUnit,Combat
0059CD30,CUnit - Previous Unit Type,2,1,,(Unsupported?)  Stores the type of the unit prior to bein...,CUnit,State
0059CD32,CUnit - Last Event Timer,1,1,,(Unsupported?)  countdown that stops being recent when it...,CUnit,State
0059CD33,CUnit - Last Event Color,1,1,,"(Unsupported?  17 = was completed (train, morph), 174 = w...",CUnit,State
0059CD34,CUnit - Unused 0x08C,2,1,Supported,,CUnit,Core
0059CD36,CUnit - Rank Increase,1,1,Supported,Adds to unit's base rank. (*65536),CUnit,Core
0059CD37,CUnit - Kill Count,1,1,Supported,The kill count of a unit (*16777216).,CUnit,Core
0059CD38,CUnit - Last Attacking Player,1,1,Supported,The player that last attacked this unit,CUnit,Combat
0059CD39,CUnit - Secondary Order Timer,1,1,Supported,,CUnit,State
0059CD3A,CUnit - AI Action Flag,1,1,Supported,Internal use by AI only (bwapi),CUnit,State
0059CD3B,CUnit - User Action Flags,1,1,Supported,Some flags that change when the user interacts with the uni...,CUnit,State
0059CD3C,CUnit - Button Set,2,1,Supported,The current button set of a unit.,CUnit,State
0059CD3C,Order Destination Invalid (???),4,1,,"""When this address is frozen and you order a unit to t...",Order,Control
0059CD3E,CUnit - Is Cloaked,1,1,Supported,,CUnit,State
0059CD3F,CUnit - Movement State,1,1,Supported,https://github.com/bwapi/bwapi/blob/master/bwapi/BWAPI/Sour...,CUnit,Move
0059CD40,CUnit - Build Queue,2,5,Supported,Queue of units to build. Note that it doesn't begin wi...,CUnit,State
0059CD4A,CUnit - Energy,2,1,Supported,Amount of energy a unit has. (value*256) * 65536,CUnit,State
0059CD4C,CUnit - Build Queue Slot,1,1,Supported,Index of active unit in #buildQueue. (bwapi),CUnit,State
0059CD4D,CUnit - Uniqueness Identifier,1,1,Supported,A byte used to determine uniqueness of the unit,CUnit,State
0059CD4E,CUnit - Secondary Order ID,1,1,Supported,"The order ID for passive orders such as Cloak, Build, Expan...",CUnit,State
0059CD4F,CUnit - Building Overlay State,1,1,Supported,0 means the building has the largest amount of fire/blood (...,CUnit,State
0059CD50,CUnit - HP Gain,2,1,Supported,hp gained on construction or repair (bwapi),CUnit,State
0059CD52,Cunit - Shield Gain,2,1,Supported,Shield gain on construction (bwapi),CUnit,State
0059CD54,CUnit - Remaining Build Time,2,1,Supported,The remaining time before a building is constructed.,CUnit,State
0059CD56,CUnit - Previous HP,2,1,Supported,The HP of the unit before it changed (example Drone->Hat...,CUnit,State
0059CD58,CUnit - Loaded Unit Index,2,8,Unsupported,(Unsupported?)  Unit ID's (not pointers) of loaded u...,CUnit,Interaction
0059CD68,CUnit - Vulture - Spider Mines,1,1,Supported,The amount of spider mines that a vulture has left.  Also...,CUnit,Union
0059CD68,CUnit - Carrier/Reaver - In Hangar,4,1,Supported,CUnit pointer to first unit inside the hangar.  Also: Vu...,CUnit,Union
0059CD68,CUnit - Scarab/Interceptor - Parent Unit,4,1,Supported,CUnit pointer to parent unit  Also: Vulture - Spider min...,CUnit,Union
0059CD68,CUnit - Beacon - Unknown +00,4,1,Supported,Unknown ?  Also: Vulture - Spider mine count Carrier/Re...,CUnit,Union
0059CD68,CUnit - Building - Addon,4,1,Supported,CUnit pointer to addon. -- is this different from Connected...,CUnit,Union
0059CD68,CUnit - Worker - Powerup Unit,4,1,Supported,CUnit pointer to the powerup carried by a worker  Also: ...,CUnit,Union
0059CD6C,CUnit - Carrier/Reaver - Out Hanger,4,1,Supported,CUnit pointer to first child outside the hangar  Also: S...,CUnit,Union
0059CD6C,CUnit - Scarab/Interceptor - Previous,4,1,Supported,CUnit pointer to previous scarab/interceptor  Also: Carr...,CUnit,Union
0059CD6C,CUnit - Beacon - Unknown +04,4,1,Supported,Unknown  Also: Carrier/Reaver: pointer to first child ou...,CUnit,Union
0059CD6C,CUnit - Building - Addon Building Type,2,1,Supported,Also: Carrier/Reaver: pointer to first child outside the h...,CUnit,Union
0059CD6C,CUnit - Worker - Target Resource Coord,2,2,Supported,0x0000FFFF x-coordinate 0xFFFF0000 y-coordinate  Also: ...,CUnit,Union
0059CD6E,CUnit - Building - Upgrade/Research Time,2,1,Supported,,CUnit,Interaction
0059CD70,CUnit - Carrier/Reaver - In Hangar Count,1,1,Supported,Amount of units in hangar.  Also: Scarab/Interceptor - p...,CUnit,Union
0059CD70,CUnit - Scarab/Interceptor - Next,4,1,Supported,CUnit pointer to next scarab/interceptor  Also: Carrier/...,CUnit,Union
0059CD70,CUnit - Beacon - Flag Spawn Frame,4,1,Supported,"flag beacons, the frame that the flag will spawn (bwapi)  ...",CUnit,Union
0059CD70,CUnit - Building - Tech Type,1,1,Supported,Also: Carrier/Reaver - number of units in hangar Scarab...,CUnit,Union
0059CD70,CUnit - Worker - Target Resource Unit,4,1,Supported,CUnit pointer  Also: Carrier/Reaver - number of units in...,CUnit,Union
0059CD71,CUnit - Carrier/Reaver - Out Hangar Count,1,1,Supported,The amount of interceptors that a carrier has (*256).  Al...,CUnit,Union
0059CD71,CUnit - Building - Upgrade Type,1,1,Supported,Also: Carrier/Reaver - Out hangar count,CUnit,Union
0059CD72,CUnit - Building - Larva Spawn Timer,1,1,Supported,The remaining time left before a larva is created on buildi...,CUnit,Interaction
0059CD73,CUnit - Building - Landing Timer,1,1,Supported,Detects if a Terran building is landing (*16777216).,CUnit,Interaction
0059CD74,CUnit - Scarab/Interceptor - In Hanger,1,1,Supported,Boolean value?  Also: Building - Creep timer Worker - R...,CUnit,Union
0059CD74,CUnit - Building - Creep Timer,1,1,Supported,Also: Scarab/Interceptor - In hangar Worker - Repair/re...,CUnit,Union
0059CD74,CUnit - Worker - Repair/Resource Timer,2,1,Supported,Also: Scarab/Interceptor - In hangar Building - Creep t...,CUnit,Union
0059CD75,CUnit - Building - Upgrade Level,1,1,Supported,,CUnit,Interaction
0059CD76,CUnit - Worker - Is Carring Something,1,1,Supported,,CUnit,Interaction
0059CD77,CUnit - Worker - Resource Carry Count,1,1,Supported,,CUnit,Interaction
0059CD78,CUnit - Resource - Resource Count,2,1,Supported,Amount of Resource if its Mineral Field or Vespene Gayser ...,CUnit,Union
0059CD78,CUnit - Worker - Harvest Target Unit,4,1,Supported,CUnit pointer to harvested mineral/geyser  Also: Resourc...,CUnit,Union
0059CD78,CUnit - Nydus - Exit Unit,4,1,Supported,CUnit pointer to connected exit  Also: Resource - Resour...,CUnit,Union
0059CD78,CUnit - Ghost - Nuke Dot Sprite,4,1,Supported,Pointer to nuke dot CSprite  Also: Resource - Resource c...,CUnit,Union
0059CD78,CUnit - Pylon - Power Overlay Sprite,4,1,Supported,Pointer to overlay CSprite  Also: Resource - Resource co...,CUnit,Union
0059CD78,CUnit - Nuke Silo - Attached Nuke,4,1,Supported,CUnit pointer to attached nuke  Also: Resource - Resourc...,CUnit,Union
0059CD78,CUnit - Powerup - Origin Coordinates,2,2,Supported,Coordinates where the powerup was picked up from. 0x0000FF...,CUnit,Union
0059CD78,CUnit - Hatchery? - Harvest Value,2,4,Supported,https://github.com/bwapi/bwapi/blob/master/bwapi/BWAPI/Sour...,CUnit,Union
0059CD7A,CUnit - Resource - Resource IScript,1,1,Supported,Current iscript animation ?,CUnit,Interaction
0059CD7B,CUnit - Resource - Gatherer Queue Count,1,1,Supported,"as named in bwapi, or ""Boolean on whether is extracted...",CUnit,Interaction
0059CD7C,CUnit - Worker - Previous Harvest Unit,4,1,Supported,"CUnit pointer  ""When there is a gather conflict""...",CUnit,Union
0059CD7C,CUnit - Resource - Next Gatherer,4,1,Supported,CUnit pointer to the next worker unit waiting in line to ga...,CUnit,Union
0059CD7C,CUnit - Silo - Ready,1,1,Supported,Also: Resource - Next gatherer Worker - Previous harves...,CUnit,Union
0059CD80,CUnit - Resource - Resource Group,1,1,Supported,Also: Worker - Next harvest unit,CUnit,Union
0059CD80,CUnit - Worker - Next Harvest Unit,4,1,Supported,Also: Resource - Resource group/resource belongs to AI,CUnit,Union
0059CD81,CUnit - Resource - Reource Belongs to AI,1,1,Supported,,CUnit,Interaction
0059CD84,CUnit - Status Flags,4,1,Supported,https://github.com/bwapi/bwapi/blob/master/bwapi/BWAPI/Sour...,CUnit,State
0059CD88,CUnit - Resource Type,1,1,,(Unsupported?)  Resource being held by worker: 1 = gas ...,CUnit,Interaction
0059CD89,CUnit - Wireframe Randomizer,1,1,,(Unsupported?),CUnit,State
0059CD8A,CUnit - Secondary Order State,1,1,,(Unsupported?),CUnit,State
0059CD8B,CUnit - Recent Order Time,1,1,,(Unsupported?)  Counts down from 15 to 0 when most orders...,CUnit,State
0059CD8C,CUnit - Visiblity Status,4,1,,(Unsupported?)  Flags specifying which players can detect...,CUnit,State
0059CD90,CUnit - Secondary Order Position,2,2,,(Unsupported?)   Unused according to bwapi.  0x0000FFFF...,CUnit,Move
0059CD94,CUnit - Unit beingBuilt,4,1,Unsupported,The current unit that's being produced from a building...,CUnit,State
0059CD98,CUnit - Previous Burrowed Unit,4,1,,(Unsupported?)  CUnit pointer to previous burrowed unit,CUnit,State
0059CD9C,CUnit - Next Burrowed Unit,4,1,,(Unsupported?)  Pointer to CUnit of next burrowed unit,CUnit,State
0059CDA0,CUnit - Rally - Rally Coordinates,2,2,Supported,The coordinates of a rally from a building (X + 65536*Y)  ...,CUnit,Union
0059CDA0,CUnit - Pylon - Previous Psi Provider,4,1,Supported,CUnit pointer to previous psi provider  For other buildin...,CUnit,Union
0059CDA4,CUnit - Rally - Rally Unit,4,1,Supported,The unit that a building set their rally to (CUnit pointer)...,CUnit,Union
0059CDA4,CUnit - Pylon - Next Psi Provider,4,1,Supported,CUnit pointer to next psi provider  For other  buildings:...,CUnit,Union
0059CDA8,CUnit - Pathing Pointer,4,1,,(Unsupported?)  Pointer to pathing data.,CUnit,Move
0059CDAC,CUnit - Pathing Collision Interval,1,1,Supported,Unknown?,CUnit,Move
0059CDAD,CUnit - Pathing Flags,1,1,Supported,0x01 = uses pathing 0x02 = ? 0x04 = ? (bwapi),CUnit,Move
0059CDAF,CUnit - Is Healing,1,1,Supported,Detects if a unit is currently being healed (*16777216).,CUnit,Combat
0059CDB0,CUnit - Contour Bounds,2,4,Unsupported,a rect that specifies the closest contour (collision) point...,CUnit,Move
0059CDB8,CUnit - Remove Timer,2,1,Supported,"When this timer equals 0, the following are destroyed:  h...",CUnit,State
0059CDBA,CUnit - Matrix Damage Absorption,2,1,Supported,The amount of damage the matrix has absorbed (*16777216).,CUnit,Combat
0059CDBC,CUnit - Matrix Timer,1,1,Supported,The amount of time remaining for matrix by a science vessel.,CUnit,Combat
0059CDBD,CUnit - Stim Timer,1,1,Supported,The amount of time remaining (*256) for the stim effect app...,CUnit,Combat
0059CDBE,CUnit - Ensnare Timer,1,1,Supported,"The amount of time remaining (*65536) to ensure by a queen,...",CUnit,Combat
0059CDBF,CUnit - Lockdown Timer,1,1,Supported,The amount of time remaining (*16777216) for lockdown by a ...,CUnit,Combat
0059CDC0,CUnit - Irradiate Timer,1,1,Supported,The amount of time remaining for irradiate by a science ves...,CUnit,Combat
0059CDC1,CUnit - Stasis Timer,1,1,Supported,The amount of time remaining (*256) for stasis by a arbiter.,CUnit,Combat
0059CDC2,CUnit - Plague Timer,1,1,Supported,Detects if a unit has been plagued by defiler (*65536),CUnit,Combat
0059CDC3,CUnit - Storm Timer,1,1,Supported,If a unit is under storm (*16777216),CUnit,Combat
0059CDC4,CUnit - Irradiated By,4,1,Supported,CUnit pointer to casting unit which irradiated this unit.,CUnit,Combat
0059CDC8,CUnit - Irradiate Player ID,1,1,Supported,Player ID who irradiated the unit.,CUnit,Combat
0059CDC9,CUnit - Parasite Flags,1,1,Supported,Detects if a unit have been infected with a parasite (*256)...,CUnit,Combat
0059CDCA,CUnit - Cycle Counter,1,1,Supported,Counts/cycles up from 0 to 7 inclusive (*65536),CUnit,State
0059CDCB,CUnit - Blind State,1,1,Supported,Detects if a unit has been blinded (*16777216) by a medic.,CUnit,Combat
0059CDCC,CUnit - Maelstorm Timer,1,1,Supported,The remaining time that a unit has before Maelstorm wears o...,CUnit,Combat
0059CDCD,CUnit - Unused Timer,1,1,Supported,Potentially from Valkyrie Afterburner or Ultralisk Roar.,CUnit,Combat
0059CDCE,CUnit - Acid Spore Count,1,1,Supported,The amount of Acid Spores applied to a unit (*65536).  Th...,CUnit,Combat
0059CDCF,CUnit - Acid Spore 1/9,1,1,See Description,[SCR: Other acid spore timers are NOT supported and give EU...,CUnit,Combat
0059CDD0,CUnit - Acid Spore 2/9,1,1,Unsupported,Timer for 2nd of 9 acid spores applied to a unit  Refer t...,CUnit,Combat
0059CDD1,CUnit - Acid Spore 3/9,1,1,Unsupported,Timer for 3rd of 9 acid spores applied to a unit (*256)  ...,CUnit,Combat
0059CDD2,CUnit - Acid Spore 4/9,1,1,Unsupported,Timer for 4th of 9 acid spores applied to a unit (*65536) ...,CUnit,Combat
0059CDD3,CUnit - Acid Spore 5/9,1,1,Unsupported,Timer for 5th of 9 acid spores applied to a unit (*16777216...,CUnit,Combat
0059CDD4,CUnit - Acid Spore 6/9,1,1,Unsupported,Timer for 6th of 9 acid spores applied to a unit  Refer t...,CUnit,Combat
0059CDD5,CUnit - Acid Spore 7/9,1,1,Unsupported,Timer for 7th of 9 acid spores applied to a unit (*256)  ...,CUnit,Combat
0059CDD6,CUnit - Acid Spore 8/9,1,1,Unsupported,Timer for 8th of 9 acid spores applied to a unit (*65536) ...,CUnit,Combat
0059CDD7,CUnit - Acid Spore 9/9,1,1,Unsupported,Timer for 9th of 9 acid spores applied to a unit (*16777216...,CUnit,Combat
0059CDD8,CUnit - Bullet Behavior 3x3 Attack,2,1,,(Unsupported?)  Counts up for the number of bullets shot ...,CUnit,Combat
0059CDDC,CUnit - AI Data,4,1,,(Unsupported?)  Pointer to AI class,CUnit,State
0059CDE0,Emp Shockwave Missiles (???),4,1,,The total amount of missiles from *all science vessel that ...,Combat,Effect
0059CDE0,CUnit - Air Strength,2,1,Unsupported,,CUnit,Combat
0059CDE2,CUnit - Ground Strength,2,1,Unsupported,,CUnit,Combat
0059CDE4,CUnit - Unit Finder,4,4,,(Unsupported?)  PID+0 left PID+1 right PID+2 top PID+3...,CUnit,Move
0059CDF4,CUnit - Repulse Unknown,1,1,Supported,,CUnit,Move
0059CDF5,CUnit - Repulse Angle,1,1,Supported,Updated when the air unit is being pushed (*256). Need more...,CUnit,Move
0059CDF6,CUnit - Drift X,1,1,Supported,For air units when they're pushed (*65536) on X-axis. ...,CUnit,Move
0059CDF7,CUnit - Drift Y,1,1,Supported,For air units when they're pushed (*16777216) on Y-axi...,CUnit,Move
0059D568,SC Upgrade in Progress Lvl 3 (???),1,72,,Who knows,Player,Upgrade
006283F0,usedUnitCount,4,1,Read Only,CUnit occupancy,Engine,Memory
006283F8,Last Unit Pointer,4,1,,The value is pointer to the last unit in the unitNodeTable....,Engine,Memory
006283F8,Player Last Unit Pointers,4,12,Backed By Code,"Edited by PereC, 2021-12-07: The pointer of the player...",Engine,Memory
00628428,LastHiddenUnitPointer,4,1,Backed By Code,From https://docs.google.com/spreadsheets/d/195jZK7Ap71eO1-...,Engine,Memory
0062842C,unknownPointer?,4,1,Backed By Code,From https://docs.google.com/spreadsheets/d/195jZK7Ap71eO1-...,Engine,Pointer
00628430,First Unit Pointer,4,1,Backed By Code,The value is pointer to the first unit in the unitNodeTable.,Engine,Memory
00628434,LastScannerSweepPointer,4,1,Backed By Code,From https://docs.google.com/spreadsheets/d/195jZK7Ap71eO1-...,Combat,Effect
00628438,First Empty Unit,4,1,Backed By Code,The address of the unit structure to be created -added by ...,Engine,Memory
0062843C,LastEmptyUnit,4,1,Backed By Code,,Engine,Memory
00628448,Screen Coordinate X,4,1,Read Only,The position of the screen on the X Axis. Note that it'...,Client,Camera
00628470,Screen Coordinate Y,4,1,Read Only,The position of the screen on the Y Axis. Note that it'...,Client,Camera
0062848C,glScrollPixelX,4,1,Read Only,Duplicate of screen coordinates?,Client,Camera
00628494,gfpCellMap,4,1,Backed By Code,Pointer to VX4 megatile buffer?,Client,Camera
006284A8,glScrollPixelY,4,1,Read Only,Duplicate of screen coordinates?,Client,Camera
006284B8,Current Player Selection,4,12,Backed By Code,Selection group of the current player  Seems to be duplic...,Client,Selection
006284E8,Player 1 Selection Group,4,12,Backed By Code,List of unit node pointers for Player's current group ...,Client,Selection
00628518,Player 2 Selection Group,4,12,Backed By Code,List of unit node pointers for Player's current group ...,Client,Selection
00628548,Player 3 Selection Group,4,12,Backed By Code,List of unit node pointers for Player's current group ...,Client,Selection
00628578,Player 4 Selection Group,4,12,Backed By Code,List of unit node pointers for Player's current group ...,Client,Selection
006285A8,Player 5 Selection Group,4,12,Backed By Code,List of unit node pointers for Player's current group ...,Client,Selection
006285D8,Player 6 Selection Group,4,12,Backed By Code,List of unit node pointers for Player's current group ...,Client,Selection
00628608,Player 7 Selection Group,4,12,Backed By Code,List of unit node pointers for Player's current group ...,Client,Selection
00628638,Player 8 Selection Group,4,12,Backed By Code,List of unit node pointers for Player's current group ...,Client,Selection
00629D98,Sprite Table,36,2500,Read Only,[SCR: See individual entries]  Difference between each en...,Client,Render
00629D98,CSprite - Previous Entry,4,1,Supported,,Client,Render
00629D9C,CSprite - Next Entry,4,1,Supported,,Client,Render
00629DA0,CSprite - Sprite ID,2,1,Supported,,Client,Render
00629DA2,CSprite - Player ID,1,1,Supported,,Client,Render
00629DA3,CSprite - Selection Index,1,1,Supported,Index in the selection area at the bottom of the screen.,Client,Render
00629DA4,CSprite - Visibility Flags,1,1,Supported,Player bits indicating the visiblity for a player.  P1: 1...,Client,Render
00629DA5,CSprite - Elevation Level,1,1,Unsupported,,Client,Render
00629DA6,CSprite - Draw Flags,1,1,Unsupported,0x01 - Draw selection circle 0x02 - Ally selection? 0x04 ...,Client,Render
00629DA7,CSprite - Selection Timer,1,1,Unsupported,,Client,Render
00629DA8,CSprite - Index,2,1,Unsupported,,Client,Render
00629DAA,CSprite - Unknown Flags 12,1,1,Unsupported,,Client,Render
00629DAB,CSprite - Unknown flags 13,1,1,Unsupported,,Client,Render
00629DAC,CSprite - Position,2,2,Unsupported,65536*Y + X,Client,Render
00629DB0,CSprite - Primary Image,4,1,Unsupported,Pointer to main CImage instance.,Client,Render
00629DB4,CSprite - Image Head,4,1,Unsupported,Pointer to first CImage instance associated with this sprit...,Client,Render
00629DB8,CSprite - Image Tail,4,1,Unsupported,Pointer to last CImage instance associated with this sprite.,Client,Render
0063FF48,Pylon Auras are Visible,4,1,,Read-Only (Writing to it apparently does nothing :C .),Combat,Effect
00640B24,gameTextCounters,4,12,Unsupported,Contains the tick count for when the message should disappe...,Client,UI
00640B58,Next Display Text Line,4,1,Simple Data,First line to be drawn on screen or written to.  Changing...,Client,UI
00640B60,Display Text,218,13,Backed By Code,Line IDs: 0-10: display text lines (first line defined by ...,Client,UI
0064DEBC,bulletCount,4,1,Read Only,From https://docs.google.com/spreadsheets/d/195jZK7Ap71eO1-...,Combat,Proj
00650980,Trigger Wait Timers,4,8,,Wait action timers for each player,Game,Event
006509A0,Trigger Execution Timer (Hyper triggers),4,1,Simple Data,"When this value reaches 0, trigger loop executes.  Preser...",Game,Event
006509B0,Trigger Current Player aka CP Trick,4,1,Simple Data,Used to dynamically run EUDs or dereference pointers.  Se...,Game,Event
00654880,Network Buffer,496,1,Backed By Code,Game Command Queue. See https://github.com/phu54321/vgce/bl...,Game,Event
00654AA0,Network Buffer Used,4,1,Supported,"Command queue (0x00654880) space used. Edited by PereC, 20...",Game,Event
006556E0,Accept Commands,4,1,Unsupported,"If 1, commands are accepted. If 0, all commands are ignore...",Client,Input
006556E4,Network Latency Option,4,1,,"-1 = """"Extra Low Latency"""" 0 = Low Latency 1 = Hi��",Game,Event
00655700,Upgrades.dat - Max Level,1,61,Simple Data,,Player,Upgrade
00655740,Upgrades.dat - Mineral Cost Base,2,61,Simple Data,Address 0x00655740 - Upgrade ID 000 - bit-mask 0x0000FFFF ...,Player,Upgrade
006557C0,Upgrades.dat - Gas Cost Factor,2,61,Simple Data,,Player,Upgrade
00655840,Upgrades.dat - Gas Cost Base,2,61,Simple Data,,Player,Upgrade
006558C0,Upgrades.dat - Dat Requirement Offset,2,61,Simple Data,,Player,Upgrade
00655940,Upgrades.dat - Time Factor,2,61,Simple Data,,Player,Upgrade
006559C0,Upgrades.dat - Mineral Cost Factor,2,61,Simple Data,,Player,Upgrade
00655A40,Upgrades.dat - Label,2,61,Simple Data,stat_txt.tbl index,Player,Upgrade
00655AC0,Upgrades.dat - Icon,2,61,Simple Data,cmdicons.grp frame,Player,Upgrade
00655B3C,Upgrades.dat - Brood War Flag,1,61,Simple Data,,Player,Upgrade
00655B80,Upgrades.dat - Time Base,2,61,Simple Data,,Player,Upgrade
00655BFC,Upgrades.dat - Race,1,61,Simple Data,0 = Zerg 1 = Terran 2 = Protoss 3 = All,Player,Upgrade
00655C58,Portdata.dat - Idle SMK,4,110,Backed By Code,1-based reference to portdata.tbl,Client,UI
00655E10,Portdata.dat - Idle SMK Change,1,110,,,Client,UI
00655E80,Portdata.dat - Talking SMK,4,110,Backed By Code,1-based reference to portdata.tbl,Client,UI
00656038,Portdata.dat - Idle Unknown,1,110,,,Client,UI
006560A8,Portdata.dat - Talking SMK change,1,110,,,Client,UI
00656118,Portdata.dat - Talking unknown,1,110,,,Client,UI
00656198,Techdata.dat - Unknown1,2,44,Simple Data,,Player,Upgrade
006561F0,Techdata.dat - Gas Cost,2,44,Simple Data,Address 0x006561F0 - Tech ID 000 - bit-mask 0x0000FFFF - *1...,Player,Upgrade
00656248,Techdata.dat - Mineral Cost,2,44,Simple Data,Address 0x00656248 - Tech ID 000 - bit-mask 0x0000FFFF - *1...,Player,Upgrade
006562A0,Techdata.dat - Label,2,44,Simple Data,stat_txt.tbl index,Player,Upgrade
006562F8,Techdata.dat - Data Restrictions,2,44,Simple Data,,Player,Upgrade
00656350,Techdata.dat - Researched,1,44,Simple Data,DatEdit says Unused?,Player,Upgrade
00656380,Techdata.dat - Energy Cost,2,44,Simple Data,,Player,Upgrade
006563D8,Techdata.dat - Time,2,44,Simple Data,,Player,Upgrade
00656430,Techdata.dat - Icon,2,44,Simple Data,cmdicons.grp frame index,Player,Upgrade
00656488,Techdata.dat - Race,1,44,Simple Data,0 = Zerg 1 = Terran 2 = Protoss 3 = All,Player,Upgrade
006564B4,Techdata.dat - Brood War Flag,1,44,Simple Data,,Player,Upgrade
006564E0,Weapons.dat - Damage Factor,1,130,Simple Data,,Combat,Damage
00656568,Weapons.dat - Target Error Message,2,130,Simple Data,stat_txt.tbl index,Combat,Collision
00656670,Weapons.dat - Behavior,1,130,Simple Data,0 = Fly & Don't Follow Target  1 = Fly & Foll...,Combat,State
006566F8,Weapons.dat - Effect,1,130,Simple Data,0 = None  1 = Normal Hit 2 = Splash (Radial) 3 = Splash ...,Combat,Effect
00656780,Weapons.dat - Icon,2,130,Simple Data,cmdicons.grp frame,Combat,State
0065678C,Damage type/factor multipliers vs unit size,20,5,,(What's this?),Combat,Damage
00656888,Weapons.dat - Splash Inner Radius,2,130,Simple Data,,Combat,Effect
00656990,Weapons.dat - Attack Angle,1,130,Simple Data,"""Angle within which the weapon can be fired without wa...",Combat,Collision
00656A18,Weapons.dat - Minimum Range,4,130,Simple Data,16 times the value in DatEdit.,Combat,Collision
00656C20,Weapons.dat - Graphics Y Offset,1,130,Simple Data,,Combat,Proj
00656CA8,Weapons.dat - Graphics,4,130,Simple Data,Flingy.dat index Weapon Graphic,Combat,Proj
00656EB0,Weapons.dat - Damage Amount,2,130,Simple Data,,Combat,Damage
00656FB8,Weapons.dat - Cooldown,1,130,Simple Data,,Combat,State
00657040,Weapons.dat - Remove After,1,130,Simple Data,"""Time until the weapon is removed if it does not hit a...",Combat,Proj
006570C8,Weapons.dat - Splash Middle Radius,2,130,Simple Data,,Combat,Effect
006571D0,Weapons.dat - Upgrade ID,1,130,Simple Data,Upgrades.dat index,Combat,Damage
00657258,Weapons.dat - Damage Type,1,130,Simple Data,0 = Independent 1 = Explosive 2 = Concussive 3 = Normal ...,Combat,Damage
006572E0,Weapons.dat - Label,2,130,Simple Data,stat_txt.tbl index,Combat,State
006573E8,Weapons.dat - Special Attack,1,130,Simple Data,Reference only?,Combat,Effect
00657470,Weapons.dat - Maximum Range,4,130,Simple Data,Value is 16 times what DatEdit shows.,Combat,Collision
00657678,Weapons.dat - Upgrade Bonus,2,130,Simple Data,,Combat,Damage
00657780,Weapons.dat - Splash Outer Radius,2,130,Simple Data,,Combat,Effect
00657888,Weapons.dat - Launch Spin,1,130,Simple Data,,Combat,Proj
00657910,Weapons.dat - Graphics X Offset,1,130,Simple Data,,Combat,Proj
00657998,Weapons.dat - Target Flags,2,130,Simple Data,0x001 Air 0x002 Ground 0x004 Mechanical 0x008 Organic 0...,Combat,Collision
00657A9C,Game Brightness,4,1,Simple Data,Darkens the screen without affecting UI elements. Appears t...,Client,UI
00657AA0,Fog of War Masks,1,4096,Backed By Code,Sets the brightness parts of the fog of war masks. Correspo...,Player,Vision
0065FC18,Units.dat - Max Hits (Air),1,228,Simple Data,This value is for statistics purposes only (?),Engine,Struct
0065FD00,Units.dat - Gas Cost,2,228,Simple Data,,Engine,Struct
0065FEC8,Units.dat - Armor,1,228,Simple Data,,Engine,Struct
0065FFB0,"Units.dat - ""What"" Sound Start",2,228,Simple Data,sfxdata.dat start index,Engine,Struct
00660178,Units.dat - Computer AI Unit Type,1,228,Simple Data,"""AI Internal"" in DatEdit",Engine,Struct
00660260,Units.dat - Map String,2,228,Simple Data,"If this property is different from 0, the unit's name ...",Engine,Struct
00660428,Units.dat - Build Time,2,228,Simple Data,,Engine,Struct
006605F0,Units.dat - Start Direction,1,228,Simple Data,"""Direction unit will face after it is created. Values ...",Engine,Struct
006606D8,Units.dat - Brood War Flag,1,228,Simple Data,,Engine,Struct
006607C0,Units.dat - Subunit 1,2,228,Simple Data,228 = None,Engine,Struct
00660988,Units.dat - Transport Space Provided,1,228,Simple Data,,Engine,Struct
00660A70,Units.dat - Dat Requirement Offset,2,228,Simple Data,u16 index of 0x00514178 (address is 0x00514178 + 2*this va...,Engine,Struct
00660C38,Units.dat - Subunit 2,2,228,Simple Data,Unused.,Engine,Struct
00660E00,Units.dat - Shield Amount,2,228,Simple Data,,Engine,Struct
00660FC8,Units.dat - Movement Flags,1,228,Simple Data,,Engine,Struct
006610B0,Units.dat - Construction Animation,4,228,Simple Data,0 = No graphics,Engine,Struct
00661440,"Units.dat - ""Yes"" Sound End",2,106,Simple Data,sfxdata.dat end index,Engine,Struct
00661518,Units.dat - Staredit Availability Flags,2,228,Simple Data,0x0001 - Non-Neutral 0x0002 - Unit Listing & Palette ...,Engine,Struct
006616E0,Units.dat - Air Weapon,1,228,Simple Data,Weapons.dat index,Engine,Struct
006617C8,Units.dat - Unit Dimensions,8,228,Simple Data,Struct: 2 bytes - Left Dimension (from center) 2 bytes - ...,Engine,Struct
00661EE8,"Units.dat - ""Pissed"" Sound End",2,106,Simple Data,sfxdata.dat end index,Engine,Struct
00661FC0,"Units.dat - ""Ready"" Sound",2,106,Simple Data,sfxdata.dat index,Engine,Struct
00662098,Units.dat - Right-click Action,1,228,Simple Data,0 = No commands/Auto Attack 1 = Normal movement/Normal Att...,Engine,Struct
00662180,Units.dat - Size Class,1,228,Simple Data,0 = Independent 1 = Small 2 = Medium 3 = Large,Engine,Struct
00662268,Units.dat - Human Init Action,1,228,Simple Data,"""Human Idle Action"" in DatEdit Orders.dat index",Engine,Struct
00662350,Units.dat - Max HP,4,228,Simple Data,Lowest byte is fractional part (*256),Engine,Struct
006626E0,Units.dat - Addon Placement,4,96,Simple Data,Struct: 2 bytes - X Pos 2 bytes - Y Pos  Only exists fo...,Engine,Struct
00662860,Units.dat - Building Dimensions,4,228,Simple Data,Struct: 2 bytes - Width 2 bytes - Height  Setting to 0 ...,Engine,Struct
00662BF0,"Units.dat - ""What"" Sound End",2,228,Simple Data,sfxdata.dat end index,Engine,Struct
00662DB8,Units.dat - Seek Range,1,228,Simple Data,1 range unit here = 2 range units in Weapons.dat. If the v...,Engine,Struct
00662EA0,Units.dat - Computer Init Action,1,228,Simple Data,"""Computer Idle"" in DatEdit Orders.dat index",Engine,Struct
00662F88,Units.dat - Portrait,2,228,Simple Data,0xFFFF = No Portrait,Engine,Struct
00663150,Units.dat - Elevation Level,1,228,Simple Data,Elevation Level,Engine,Struct
00663238,Units.dat - Sight Range,1,228,Simple Data,Set value from 0-11.  Values greater than 11 will crash.  ...,Engine,Struct
00663320,Units.dat - Attack Unit Order,1,228,Simple Data,Orders.dat reference,Engine,Struct
00663408,Units.dat - Build Score,2,228,Simple Data,,Engine,Struct
006635D0,Units.dat - Armor Upgrade ID,1,228,Simple Data,Upgrades.dat index,Engine,Struct
006636B8,Units.dat - Ground Weapon,1,228,Simple Data,weapons.dat reference,Engine,Struct
006637A0,Units.dat - Group Flags,1,228,Simple Data,"0x01 - Zerg (Uses underlings, can build on creep) 0x02 - T...",Engine,Struct
00663888,Units.dat - Mineral Cost,2,228,Simple Data,,Engine,Struct
00663A50,Units.dat - Attack Move Order ID,1,228,Simple Data,Orders.dat index,Engine,Struct
00663B38,"Units.dat - ""Pissed"" Sound Start",2,106,Simple Data,sfxdata.dat start index,Engine,Struct
00663C10,"Units.dat - ""Yes"" Sound Start",2,107,Simple Data,sfxdata.dat start index,Engine,Struct
00663CE8,Units.dat - Supply Used,1,228,Simple Data,Value here is twice what you see in-game. (Hence why 2 Zerg...,Engine,Struct
00663DD0,Units.dat - Rank/Sublabel,1,228,Simple Data,"""Controls ground units movement: units with lower Rank...",Engine,Struct
00663EB8,Units.dat - Kill Score,2,228,Simple Data,Kill Score,Engine,Struct
00664080,Units.dat - Advanced Flags,4,228,Simple Data,0x00000001 - Building 0x00000002 - Addon 0x00000004 - Fly...,Engine,Struct
00664410,Units.dat - Transport Space Required,1,228,Simple Data,,Engine,Struct
006644F8,Units.dat - Graphics (Flingy ID),1,228,Backed By Code,flingy.dat index,Engine,Struct
006645E0,Units.dat - Max Hits (Ground),1,228,Simple Data,This value is for statistics purposes only (?),Engine,Struct
006646C8,Units.dat - Supply Provided,1,228,Simple Data,The value is twice what you see in-game.,Engine,Struct
006647B0,Units.dat - Has Shields,1,228,Simple Data,"Example: Unset ""has shields"" for Protoss Observat...",Engine,Struct
00664898,Units.dat - Idle Order,1,228,Simple Data,"""Return to Idle"" in DatEdit Orders.dat index",Engine,Struct
00664980,Units.dat - Infestation Unit,2,96,Simple Data,Only exists for buildings (First entry is 106 Command Cente...,Engine,Struct
00664A40,Orders.dat - Unknown 4,1,189,Simple Data,,Order,Type
00664B00,Orders.dat - Use Weapon Targetting,1,189,Simple Data,,Order,Type
00664BC0,Orders.dat - Unknown 12,1,189,Simple Data,,Order,Type
00664C80,Orders.dat - Unknown 11,1,189,Simple Data,,Order,Type
00664D40,Orders.dat - Animation,1,189,Simple Data,0 = Initial 1 = Death 2 = Ground Attack - Initial 3 = Ai...,Order,Core
00664E00,Orders.dat - Energy Technology,1,189,Simple Data,Techdata.dat index for energy,Order,Core
00664EC0,Orders.dat - Highlight Button ID,2,189,Simple Data,cmdicons.grp frame index or 0xFFFF for none.,Order,Core
00665040,Orders.dat - Can Be Interrupted,1,189,Simple Data,,Order,Control
00665100,Orders.dat - Unknown 7,1,189,Simple Data,,Order,Type
006651C0,Orders.dat - Unknown 9,1,189,Simple Data,,Order,Type
00665280,Orders.dat - Label ID,2,189,Simple Data,Doesn't do anything.,Order,Core
00665400,Orders.dat - Obscured Order,1,189,Simple Data,"Orders.dat index ""Order to be run if the target is ob...",Order,Type
006654C0,Orders.dat - Can Be Obstructed?,1,189,Simple Data,,Order,Control
00665580,Orders.dat - Dat Reqs Offset,2,189,Simple Data,,Order,Core
00665700,Orders.dat - Can Be Queued,1,189,Simple Data,,Order,Queue
006657C0,Orders.dat - Unknown 5,1,189,Simple Data,,Order,Type
00665880,Orders.dat - Targeting,1,189,Simple Data,"Weapons.dat index ""Weapon used by the order to determ...",Order,Type
00665940,Orders.dat - Order is Secondary,1,189,Simple Data,Order goes in bSecondaryOrderID instead of bMainOrderID.,Order,Type
00665A00,Orders.dat - Unknown 3,1,189,Simple Data,,Order,Type
00665AC0,Sprites.dat - Selection Circle,1,387,Read Only,Images.dat reference starting at index 561. Starts on spri...,Client,Render
00665C48,Sprites.dat - Visible,1,517,Simple Data,,Client,Render
00665E50,Sprites.dat - HP Bar Length,1,387,Read Only,Starts on Sprites.dat ID 130.,Client,Render
00665FD8,Sprites.dat - Selection Vertical Offset,1,387,Read Only,Starts on Sprites.dat ID 130.,Client,Render
00666160,Sprites.dat - Image Index,2,517,Backed By Code,Images.dat index,Client,Render
00666570,Sprites.dat - Unknown,1,517,Simple Data,Unknown flag.,Client,Render
00666778,Images.dat - Landing Dust Overlay,4,999,Read Only,images.tbl lo? index,Client,Render
00667718,Images.dat - Draw If Cloaked,1,999,Simple Data,,Client,Render
00667B00,Images.dat - Special Overlay,4,999,Read Only,Images.tbl lo? index,Client,Render
00668AA0,Images.dat - GRP File,4,999,Read Only,Images.tbl grp index,Client,Render
00669A40,Images.dat - Drawing Function,1,999,Simple Data,Ignored by SC:R?  If Drawing Function is 9: 0 = No remap...,Client,Render
00669E28,Images.dat - Remapping Table,1,999,Backed By Code,0 - normal 1 - doesn't draw hallucination 2 - non-vi...,Client,Render
0066A210,Images.dat - Damage Overlay,4,999,Read Only,Images.tbl lof pointer,Client,Render
0066B1B0,Images.dat - Attack Overlay,4,999,Read Only,images.dat lo? index,Client,Render
0066C150,Images.dat - Clickable,1,999,Simple Data,,Client,Render
0066C538,Images.dat - Sheilds Overlay,4,999,Read Only,None = 0 Small = 133 Medium = 2 Large = 184,Client,Render
0066D4D8,Images.dat - Use Full Iscript,1,999,Simple Data,,Client,Render
0066D8C0,Images.dat - Lift-off Dust Overlay,4,999,Read Only,images.tbl lod index,Client,Render
0066E860,Images.dat - Graphics Turns,1,999,Simple Data,,Client,Render
0066EC48,Images.dat - Iscript ID,4,999,Backed By Code,Iscript.bin ID,Client,Render
0068C104,AIScript pointer,4,1,Backed By Code,,Engine,Pointer
0068C108,BWScript pointer,4,1,Backed By Code,,Engine,Pointer
0068C144,Send Message Type,4,1,Simple Data,Can be used to check if send message box is open (At Least ...,Client,UI
0068C14C,Current Button Set,4,1,Simple Data,The button set ID of the currently selected single unit. Th...,Client,UI
0068C1F4,TranWire.grp pointer,4,1,Backed By Code,Overwriting a particular unit's frame offset with a di...,Client,Render
0068C1FC,GrpWire.grp Pointer,4,1,Backed By Code,Overwriting a particular unit's frame offset with a di...,Client,Render
0068C204,Wirefram.grp Pointer,4,1,Backed By Code,Overwriting a particular unit's frame offset with a di...,Client,Render
0068C448,Sfxdata.dat - minVolume,1,1144,,Unknown 4,Engine,Struct
0068C8C0,Sfxdata.dat - Flags,1,1144,,Value is some combination of: - 1 preload - 2 unitSpeech ...,Engine,Struct
0068CD38,Sfxdata.dat - lengthAdjust,2,1144,,Unknown 3,Engine,Struct
0068D628,Sfxdata.dat - Priority,1,1144,,Unknown 1,Engine,Struct
0068DAA0,Sfxdata.dat - Sound file,4,1144,,Direct pointer to SFXData.tbl string. This can be changed a...,Engine,Struct
006C9858,Flingy.dat - Movement Control,1,209,Simple Data,"0 = Flingy.dat Control 1 = Partially Mobile, Weapon 2 = I...",Client,Render
006C9930,Flingy.dat - Halt Distance,4,209,Simple Data,Measured in pixels*256,Client,Render
006C9C78,Flingy.dat - Acceleration,2,209,Simple Data,Measured in pixels-per-frame.,Client,Render
006C9E20,Flingy.dat - Turn Radius,1,209,Simple Data,,Client,Render
006C9EF8,Flingy.dat - Top Speed,4,209,Simple Data,"Measured in pixels-per-frame, but written as ""Speed*(3...",Client,Render
006CA240,Flingy.dat - Unused,1,209,Simple Data,Unused in DatEdit,Client,Render
006CA318,Flingy.dat - Sprite Index,2,209,Simple Data,Sprites.dat index,Client,Render
006CA94D,Displayed HP,4,1,,The current HP of the selected unit.,Client,UI
006CA9F0,Unit being Produced,4,1,Unsupported,Set value to 1 to detect any unit currently being trained o...,Client,UI
006CDDC0,Mouse Button State,4,1,Simple Data,2: Left button pressed. 8: Right button pressed. 32: Middle...,Client,Input
006CDDC4,Mouse Coordinate X,4,1,Simple Data,Relative to the screen.,Client,Input
006CDDC8,Mouse Coordinate Y,4,1,Simple Data,Relative to the screen.,Client,Input
006CDFD4,Game Speed,4,1,Backed By Code,The current game speed. The values are as follows:  0 = S...,Game,Time
006CDFE0,Music Volume,4,1,Backed By Code,0-100 for music volume Note: SC:R no longer uses this add...,Client,UI
006CDFE4,Digital Volume,4,1,Backed By Code,0-100 for sound volume Note: SC:R no longer uses this add...,Client,UI
006D0C68,Creep Tile Backup Buffer,4,1,Unsupported,Pointer to the u16 buffer that stores the tile IDs of tiles...,Game,Map
006D0C6C,Tile Buffer Height,4,1,Unsupported,Copy of Map Height?,Game,Map
006D0C70,Tile Function Pointers,4,4,Unsupported,0x006D0C70 -> 0x0047E2D0 -- refreshes map tiles for draw...,Engine,Pointer
006D0E80,Creep Overlay Buffer,4,1,Unsupported,Pointer to u8 flags relating to the creep overlay for each ...,Game,Map
006D0E84,Active Tile Buffer,4,1,Unsupported,Pointer to u16 array of active map tiles.,Game,Map
006D0F08,Tile Buffer Width,4,1,Unsupported,Copy of Map Width,Game,Map
006D0F30,Replay Header,633,1,Read Only,https://github.com/bwapi/bwapi/blob/master/bwapi/BWAPI/Sour...,Game,Event
006D0F30,Replay Header - Is Broodwar,1,1,Read Only,,Game,Event
006D0F31,Replay Header - Frame Count,4,1,Read Only,,Game,Event
006D0F35,Replay Header - Campaign ID,2,1,Read Only,,Game,Event
006D0F37,Replay Header - Command ID,1,1,Read Only,struct gameSeed,Game,Event
006D0F38,Replay Header - Rand Seed,4,1,Read Only,struct gameSeed. Unix time on game start.(The number of sec...,Game,Event
006D0F3C,Replay Header - Player Bytes,1,8,Read Only,struct gameSeed,Game,Event
006D0F44,Replay Header - Unknown_0,4,1,Read Only,struct networkGameHeader,Game,Event
006D0F48,?�험,25,1,Read Only,?�험,Engine,Unknown
006D0F60,Replay Header - Game flags,4,1,Read Only,struct networkGameHeader,Game,Event
006D0F64,Replay Header - MapSize,2,2,Read Only,2Byte MapWidth 2Byte MapHeight  struct networkGameHeader,Game,Event
006D0F68,Replay Header - Active Player Count,1,1,Read Only,struct networkGameHeader,Game,Event
006D0F69,Replay Header - Available Slots,1,1,Read Only,struct networkGameHeader,Game,Event
006D0F6A,Replay Header - Game Speed,1,1,Read Only,struct networkGameHeader,Game,Event
006D0F6B,Replay Header - Game State,1,1,Read Only,struct networkGameHeader,Game,Event
006D0F6C,Replay Header - Game Type,1,1,Read Only,struct networkGameHeader,Game,Event
006D0F6D,Replay Header - Unknown_1,1,1,Read Only,struct networkGameHeader,Game,Event
006D0F6E,Replay Header - Game Subtype,2,1,Read Only,struct networkGameHeader,Game,Event
006D0F70,Replay Header - Seed (Unused),4,1,Read Only,struct networkGameHeader,Game,Event
006D0F74,Replay Header - Tileset,2,1,Read Only,struct networkGameHeader,Game,Event
006D0F76,Replay Header - Autosaved,1,1,Read Only,struct networkGameHeader,Game,Event
006D0F77,Replay Header- Computer Player Count,1,1,Read Only,struct networkGameHeader,Game,Event
006D0F78,Replay Header - Game Name,1,25,Read Only,struct networkGameHeader,Game,Event
006D0F91,Replay Header - Map Name,1,24,Read Only,struct networkGameHeader,Game,Event
006D0FB1,Replay Header - Game Type,1,1,Read Only,struct networkGameHeader.gameTemplateInfo,Game,Event
006D0FB2,Replay Header - Unknown,1,1,Read Only,struct networkGameHeader.gameTemplateInfo,Game,Event
006D0FB3,Replay Header - Subtype,2,1,Read Only,struct networkGameHeader.gameTemplateInfo,Game,Event
006D0FB5,Replay Header - Subtype display,2,1,Read Only,struct networkGameHeader.gameTemplateInfo,Game,Event
006D0FB7,Replay Header - Subtype Label,2,1,Read Only,struct networkGameHeader.gameTemplateInfo,Game,Event
006D0FB9,Replay Header - Victory Condition,1,1,Read Only,struct networkGameHeader.gameTemplateInfo,Game,Event
006D0FBA,Replay Header - Resource Type,1,1,Read Only,struct networkGameHeader.gameTemplateInfo,Game,Event
006D0FBB,Replay Header - Use Standard Units,1,1,Read Only,boolean  struct networkGameHeader.gameTemplateInfo,Game,Event
006D0FBC,Replay Header - Fog of War (Unused),1,1,Read Only,struct networkGameHeader.gameTemplateInfo,Game,Event
006D0FBD,Replay Header - Starting Units,1,1,Read Only,struct networkGameHeader.gameTemplateInfo,Game,Event
006D0FBE,Replay Header - Use Fixed Positions,1,1,Read Only,boolean  struct networkGameHeader.gameTemplateInfo,Game,Event
006D0FBF,Replay Header - Usage Restriction Flags,1,1,Read Only,struct networkGameHeader.gameTemplateInfo,Game,Event
006D0FC0,Replay Header - Allies Allowed,1,1,Read Only,boolean  struct networkGameHeader.gameTemplateInfo,Game,Event
006D0FC1,Replay Header - Teams,1,1,Read Only,struct networkGameHeader.gameTemplateInfo,Game,Event
006D0FC2,Replay Header - Cheats,1,1,Read Only,boolean  struct networkGameHeader.gameTemplateInfo,Game,Event
006D0FC3,Replay Header - Tournament Mode,1,1,Read Only,struct networkGameHeader.gameTemplateInfo,Game,Event
006D0FC4,Replay Header - Victory Condition Value,4,1,Read Only,struct networkGameHeader.gameTemplateInfo,Game,Event
006D0FC8,Replay Header - Resources Value,4,1,Read Only,struct networkGameHeader.gameTemplateInfo,Game,Event
006D0FCC,Replay Header - Unused value,4,1,Read Only,struct networkGameHeader.gameTemplateInfo,Game,Event
006D0FD0,Replay Header - Extra,1,1,Read Only,f,Game,Event
006D0FD1,Replay Header - Player Entries,36,12,Read Only,Unfortunately this struct is not dword-aligned.  +0 - u32...,Game,Event
006D1181,Replay Header - Player Colors,4,8,Read Only,,Game,Event
006D11A1,Replay Header - Player Force Data,1,8,Read Only,,Game,Event
006D1200,iscript.bin pointer,4,1,Backed By Code,,Engine,Memory
006D1238,stat_txt.tbl pointer,4,1,Backed By Code,,Engine,Memory
006D1260,Tile Flags Pointer,4,1,Backed By Code,Pointer to (Map Width)x(Map Height) array of u32 flags: 0x...,Game,Map
006D5A6C,Cheat Flags,4,1,Simple Data,"Setting cheat flags will work in multiplayer games, but may...",Game,Rule
006D5BB0,Music ID,4,1,,Change this value and toggle music and it will play a diffe...,Client,UI
006D5BBE,Minimap State,4,1,Unsupported (Ȯ�� ���),"Minimap State - Pressing Tab, Shift+tab changes this 0x00 ...",Client,Selection
006D5EC8,CV5 Pointer,4,1,Backed By Code,,Game,Map
1505E670,Storm Graphics Palette,4,256,Read Only,,Client,Render
19046138,Battle.snp Join Channel,4,1,Simple Data,,Game,Event
1904613C,Battle.snp Join Channel,4,1,Simple Data,,Game,Event
